<?xml version="1.0" encoding="UTF-8" standalone="no"?><TaskList Version="2.0"><Task Active="false" ConnectorKind="local" CreationDate="2012-12-21 11:39:27.959 -0500" DueDate="" EndDate="" Estimated="0" Handle="local-2" Kind="task" Label="New Task" LastModified="now" MarkReadPending="false" ModificationDate="" Notes="" NotifiedIncoming="true" Owner="local" Priority="P3" Reminded="false" RepositoryUrl="local" ScheduledEndDate="2012-12-22 23:59:59.999 -0500" ScheduledStartDate="2012-12-16 00:00:00.0 -0500" Stale="false" TaskId="2" offlineSyncState="SYNCHRONIZED"/><Task Active="false" ConnectorKind="local" CreationDate="2012-12-17 19:38:28.281 -0500" DueDate="" EndDate="2012-12-21 11:39:20.302 -0500" Estimated="0" Handle="local-1" IssueURL="" Kind="task" Label="Smite" LastModified="now" MarkReadPending="false" ModificationDate="" Notes="Implement a player smite command (/smite &lt;player&gt;) that kills the player given in arg[0]" NotifiedIncoming="true" Owner="local" Priority="P3" Reminded="false" RepositoryUrl="local" ScheduledEndDate="2012-12-22 23:59:59.999 -0500" ScheduledStartDate="2012-12-16 00:00:00.0 -0500" Stale="false" TaskId="1" offlineSyncState="SYNCHRONIZED"/><TaskCategory Handle="handle-1" Name="Features"><TaskReference Handle="local-2"/></TaskCategory><TaskCategory Handle="handle-2" Name="Commands"><TaskReference Handle="local-1"/></TaskCategory><TaskCategory Handle="Uncategorized" Name="Uncategorized"/></TaskList>